"Date","Price","Open","High","Low","Vol.","Change %"
"08-10-2024","221,583","221,927","222,403","221,188","","-0.14%"
"07-10-2024","221,887","222,775","223,425","221,568","","-0.47%"
"04-10-2024","222,933","223,121","224,308","221,197","","-0.04%"
"03-10-2024","223,030","223,169","223,686","221,724","","0.00%"
"02-10-2024","223,032","223,496","223,642","221,771","","-0.15%"
"01-10-2024","223,361","220,746","224,392","220,596","","1.23%"
"30-09-2024","220,641","222,553","223,207","219,911","","-0.83%"
"27-09-2024","222,498","223,498","223,739","221,284","","-0.40%"
"26-09-2024","223,395","222,167","224,597","222,032","","0.58%"
"25-09-2024","222,117","222,188","223,235","221,540","","0.01%"
"24-09-2024","222,098","219,590","222,776","219,203","","1.20%"
"23-09-2024","219,459","218,895","220,243","218,312","","0.26%"
"20-09-2024","218,894","216,322","219,268","216,154","","1.21%"
"19-09-2024","216,270","214,110","217,123","213,658","","1.04%"
"18-09-2024","214,035","215,262","217,534","213,080","","-0.52%"
"17-09-2024","215,164","216,579","216,941","214,534","","-0.57%"
"16-09-2024","216,408","216,261","217,290","216,007","","0.09%"
"13-09-2024","216,215","214,767","216,955","214,540","","0.70%"
"12-09-2024","214,710","210,906","214,878","210,837","","1.82%"
"11-09-2024","210,878","211,343","212,360","210,021","","-0.14%"
"10-09-2024","211,172","210,412","211,501","209,930","","0.44%"
"09-09-2024","210,238","209,725","210,508","208,616","","0.25%"
"06-09-2024","209,713","211,379","212,284","208,607","","-0.75%"
"05-09-2024","211,290","209,540","211,954","209,414","","0.86%"
"04-09-2024","209,483","209,401","209,950","207,527","","0.14%"
"03-09-2024","209,186","209,810","210,457","207,715","","-0.22%"
"02-09-2024","209,640","209,909","210,467","208,912","","-0.13%"
"30-08-2024","209,922","211,513","211,949","209,159","","-0.74%"
"29-08-2024","211,478","210,004","212,088","209,990","","0.65%"
"28-08-2024","210,114","211,972","212,249","209,391","","-0.76%"
"27-08-2024","211,734","211,218","212,005","210,098","","0.30%"
"26-08-2024","211,099","210,493","212,083","210,315","","0.27%"
"23-08-2024","210,540","208,559","211,106","208,237","","1.01%"
"22-08-2024","208,443","210,725","211,006","207,454","","-1.02%"
"21-08-2024","210,593","210,689","211,461","209,295","","0.07%"
"20-08-2024","210,444","209,895","212,106","209,287","","0.22%"
"19-08-2024","209,977","210,430","210,601","208,564","","-0.17%"
"16-08-2024","210,337","206,278","210,555","205,709","","1.99%"
"15-08-2024","206,225","205,533","207,366","204,261","","0.36%"
"14-08-2024","205,484","206,871","208,134","204,649","","-0.65%"
"13-08-2024","206,821","207,582","207,926","206,402","","-0.23%"
"12-08-2024","207,289","204,100","207,624","203,442","","1.58%"
"09-08-2024","204,064","203,888","204,598","202,779","","0.10%"
"08-08-2024","203,865","199,949","203,935","199,840","","1.99%"
"07-08-2024","199,888","200,766","202,072","199,633","","-0.37%"
"06-08-2024","200,626","202,382","203,055","199,912","","-0.95%"
"05-08-2024","202,554","204,744","206,029","198,953","","-1.07%"
"02-08-2024","204,737","204,765","207,488","201,993","","0.04%"
"01-08-2024","204,653","204,870","206,139","203,481","","-0.06%"
"31-07-2024","204,775","201,848","205,218","201,280","","1.56%"
"30-07-2024","201,621","199,677","202,040","199,012","","0.99%"
"29-07-2024","199,649","199,881","201,223","198,476","","-0.07%"
"26-07-2024","199,783","197,953","200,165","197,289","","0.94%"
"25-07-2024","197,926","200,745","201,094","197,044","","-1.34%"
"24-07-2024","200,624","201,649","203,581","200,635","","-0.45%"
"23-07-2024","201,523","200,507","201,951","199,726","","0.53%"
"22-07-2024","200,461","200,984","201,965","199,438","","-0.27%"
"19-07-2024","201,004","204,408","204,486","200,385","","-1.65%"
"18-07-2024","204,371","205,529","206,975","203,993","","-0.50%"
"17-07-2024","205,408","206,242","207,499","204,929","","-0.38%"
"16-07-2024","206,198","202,417","206,324","202,256","","1.89%"
"15-07-2024","202,371","201,403","203,863","200,635","","0.50%"
"12-07-2024","201,363","201,715","202,055","199,739","","-0.15%"
"11-07-2024","201,667","198,042","202,435","197,963","","1.85%"
"10-07-2024","198,003","197,385","199,317","197,252","","0.36%"
"09-07-2024","197,299","197,126","197,980","196,174","","0.18%"
"08-07-2024","196,951","199,737","199,743","196,230","","-1.37%"
"05-07-2024","199,688","196,763","199,843","196,553","","1.53%"
"04-07-2024","196,677","196,815","197,301","196,305","","-0.04%"
"03-07-2024","196,755","194,548","197,428","194,296","","1.16%"
"02-07-2024","194,497","194,632","194,981","193,563","","-0.02%"
"01-07-2024","194,534","193,934","195,160","193,423","","0.31%"
"28-06-2024","193,935","194,264","195,014","193,504","","-0.14%"
"27-06-2024","194,213","192,046","194,545","191,765","","1.21%"
"26-06-2024","191,892","193,539","193,855","191,655","","-0.79%"
"25-06-2024","193,423","194,874","195,034","193,188","","-0.64%"
"24-06-2024","194,679","194,000","194,909","193,646","","0.35%"
"21-06-2024","193,994","197,375","197,980","193,530","","-1.70%"
"20-06-2024","197,342","194,073","197,828","194,068","","1.64%"
"19-06-2024","194,154","194,145","194,804","193,842","","0.04%"
"18-06-2024","194,075","193,668","194,500","192,427","","0.28%"
"17-06-2024","193,529","194,860","194,967","192,968","","-0.69%"
"14-06-2024","194,875","192,462","195,241","192,231","","1.27%"
"13-06-2024","192,431","193,922","194,345","191,787","","-0.70%"
"12-06-2024","193,796","193,786","195,457","193,069","","0.06%"
"11-06-2024","193,684","193,006","193,935","191,854","","0.42%"
"10-06-2024","192,877","191,776","193,266","190,961","","0.72%"
"07-06-2024","191,494","198,345","199,284","190,922","","-3.43%"
"06-06-2024","198,303","196,324","198,551","196,249","","1.06%"
"05-06-2024","196,231","194,418","196,613","194,134","","1.01%"
"04-06-2024","194,264","195,380","196,341","193,485","","-0.49%"
"03-06-2024","195,213","194,097","195,711","192,275","","0.56%"
"31-05-2024","194,119","195,204","196,733","193,671","","-0.59%"
"30-05-2024","195,277","194,872","195,890","193,753","","0.24%"
"29-05-2024","194,807","196,222","196,658","194,652","","-0.80%"
"28-05-2024","196,374","195,455","196,647","194,576","","0.52%"
"27-05-2024","195,351","193,915","196,066","193,737","","0.78%"
"24-05-2024","193,832","193,889","195,081","193,639","","-0.01%"
"23-05-2024","193,853","197,994","198,502","193,722","","-2.05%"
"22-05-2024","197,916","201,668","202,125","197,681","","-1.80%"
"21-05-2024","201,543","202,118","202,772","200,491","","-0.25%"
"20-05-2024","202,041","201,189","204,021","200,564","","0.46%"
"17-05-2024","201,112","198,357","201,843","198,218","","1.43%"
"16-05-2024","198,279","199,044","199,997","197,910","","-0.36%"
"15-05-2024","198,997","196,872","199,404","196,336","","1.13%"
"14-05-2024","196,772","195,005","197,035","194,942","","0.93%"
"13-05-2024","194,960","197,394","197,579","194,771","","-1.12%"
"10-05-2024","197,169","195,815","198,633","195,723","","0.71%"
"09-05-2024","195,775","192,690","195,903","192,594","","1.64%"
"08-05-2024","192,614","193,152","193,840","192,391","","-0.27%"
"07-05-2024","193,132","194,039","194,485","192,867","","-0.43%"
"06-05-2024","193,976","191,985","194,739","191,092","","1.04%"
"03-05-2024","191,976","192,279","193,523","189,972","","-0.08%"
"02-05-2024","192,126","193,588","194,157","190,749","","-0.73%"
"01-05-2024","193,545","190,804","194,345","190,430","","1.47%"
"30-04-2024","190,744","194,868","195,000","190,712","","-2.08%"
"29-04-2024","194,788","195,076","195,892","193,432","","-0.07%"
"26-04-2024","194,934","194,303","196,065","193,788","","0.35%"
"25-04-2024","194,245","192,981","195,272","192,115","","0.68%"
"24-04-2024","192,933","193,427","194,780","192,605","","-0.21%"
"23-04-2024","193,333","194,018","194,671","190,971","","-0.32%"
"22-04-2024","193,945","199,141","199,184","193,860","","-2.71%"
"19-04-2024","199,341","198,748","202,183","197,975","","0.32%"
"18-04-2024","198,703","197,292","199,915","197,292","","0.69%"
"17-04-2024","197,346","199,360","200,433","197,009","","-0.96%"
"16-04-2024","199,256","199,013","200,656","197,362","","0.20%"
"15-04-2024","198,858","195,865","199,392","194,100","","1.59%"
"12-04-2024","195,750","197,654","203,243","195,032","","-0.96%"
"11-04-2024","197,643","194,593","198,150","193,933","","1.58%"
"10-04-2024","194,560","195,747","196,428","193,405","","-0.58%"
"09-04-2024","195,692","194,803","196,860","194,537","","0.49%"
"08-04-2024","194,747","193,470","196,047","191,875","","0.37%"
"05-04-2024","194,024","190,950","194,165","189,252","","1.66%"
"04-04-2024","190,854","192,037","192,342","190,084","","-0.58%"
"03-04-2024","191,971","190,050","192,176","189,170","","1.05%"
"02-04-2024","189,973","187,757","190,134","187,303","","1.22%"
"01-04-2024","187,693","186,733","188,889","185,833","","0.87%"
"29-03-2024","186,069","186,219","186,268","186,078","","-0.06%"
"28-03-2024","186,174","182,870","186,428","182,345","","1.86%"
"27-03-2024","182,768","181,566","183,176","181,191","","0.71%"
"26-03-2024","181,483","181,177","183,284","180,721","","0.20%"
"25-03-2024","181,117","181,032","182,078","180,607","","0.09%"
"22-03-2024","180,954","181,485","182,050","180,204","","-0.24%"
"21-03-2024","181,391","181,895","184,946","180,266","","-0.22%"
"20-03-2024","181,799","179,150","182,117","178,866","","1.53%"
"19-03-2024","179,056","179,132","179,469","178,178","","0.00%"
"18-03-2024","179,059","178,706","179,376","177,799","","0.22%"
"15-03-2024","178,658","179,374","180,141","178,639","","-0.33%"
"14-03-2024","179,249","180,117","180,349","178,526","","-0.41%"
"13-03-2024","179,988","178,683","180,581","178,555","","0.74%"
"12-03-2024","178,662","180,583","180,775","178,061","","-1.03%"
"11-03-2024","180,530","180,192","181,145","179,911","","0.21%"
"08-03-2024","180,145","178,676","181,664","178,225","","0.90%"
"07-03-2024","178,538","177,895","179,048","177,610","","0.41%"
"06-03-2024","177,805","176,411","178,230","175,976","","0.83%"
"05-03-2024","176,341","175,309","177,568","174,992","","0.62%"
"04-03-2024","175,248","172,510","175,754","172,290","","1.54%"
"01-03-2024","172,590","169,480","173,050","168,965","","1.87%"
"29-02-2024","169,428","168,707","169,996","168,092","","0.48%"
"28-02-2024","168,625","168,324","168,961","167,869","","0.23%"
"27-02-2024","168,244","168,305","169,109","168,195","","0.00%"
"26-02-2024","168,243","168,632","168,882","167,828","","-0.26%"
"23-02-2024","168,678","167,711","169,207","167,147","","0.60%"
"22-02-2024","167,663","168,033","168,690","167,393","","-0.20%"
"21-02-2024","167,997","167,801","168,493","167,510","","0.14%"
"20-02-2024","167,771","167,445","168,457","167,292","","0.22%"
"19-02-2024","167,408","167,128","167,927","166,997","","0.18%"
"16-02-2024","167,114","166,307","167,317","165,658","","0.51%"
"15-02-2024","166,270","165,389","166,757","165,188","","0.53%"
"14-02-2024","165,395","165,645","165,795","164,782","","-0.12%"
"13-02-2024","165,596","167,684","168,483","165,345","","-1.18%"
"12-02-2024","167,576","168,046","168,363","166,942","","-0.26%"
"09-02-2024","168,005","168,817","169,151","167,702","","-0.46%"
"08-02-2024","168,775","168,879","169,189","167,634","","-0.04%"
"07-02-2024","168,845","169,133","169,677","168,516","","-0.15%"
"06-02-2024","169,092","168,174","169,360","167,958","","0.58%"
"05-02-2024","168,116","169,320","169,521","167,302","","-0.64%"
"02-02-2024","169,201","170,529","170,657","168,266","","-0.71%"
"01-02-2024","170,405","169,538","171,362","168,423","","0.57%"
"31-01-2024","169,443","169,321","170,724","168,741","","0.10%"
"30-01-2024","169,280","168,996","170,268","168,659","","0.19%"
"29-01-2024","168,957","167,852","169,432","167,685","","0.72%"
"26-01-2024","167,754","168,080","168,456","167,536","","-0.10%"
"25-01-2024","167,919","167,448","168,314","167,084","","0.31%"
"24-01-2024","167,396","168,691","169,224","167,195","","-0.77%"
"23-01-2024","168,701","168,013","169,337","167,833","","0.44%"
"22-01-2024","167,961","168,682","168,881","167,599","","-0.38%"
"19-01-2024","168,609","168,298","169,434","167,948","","0.23%"
"18-01-2024","168,222","166,913","168,304","166,795","","0.82%"
"17-01-2024","166,850","168,538","168,861","166,489","","-0.97%"
"16-01-2024","168,486","170,202","170,281","168,179","","-0.99%"
"15-01-2024","170,167","169,709","170,678","169,519","","0.25%"
"12-01-2024","169,751","168,607","170,786","168,494","","0.70%"
"11-01-2024","168,566","168,070","169,319","167,218","","0.32%"
"10-01-2024","168,029","168,737","169,431","167,777","","-0.39%"
"09-01-2024","168,694","168,425","169,740","168,379","","0.21%"
"08-01-2024","168,334","169,929","170,130","167,686","","-0.97%"
"05-01-2024","169,987","170,089","171,534","169,354","","-0.04%"
"04-01-2024","170,048","170,030","170,755","169,554","","0.04%"
"03-01-2024","169,978","171,459","172,148","169,155","","-0.83%"
"02-01-2024","171,402","171,721","173,233","171,258","","-0.16%"
"01-01-2024","171,685","171,703","171,708","171,517","","0.06%"
"29-12-2023","171,587","171,812","172,583","171,214","","-0.10%"
"28-12-2023","171,760","173,012","173,904","171,669","","-0.70%"
"27-12-2023","172,972","171,982","173,594","171,651","","0.64%"
"26-12-2023","171,871","170,770","172,064","170,770","","0.67%"
"25-12-2023","170,734","170,791","170,792","170,647","","0.00%"
"22-12-2023","170,738","170,261","172,099","170,240","","0.30%"
"21-12-2023","170,219","169,035","170,328","168,930","","0.85%"
"20-12-2023","168,788","169,572","169,969","168,621","","-0.44%"
"19-12-2023","169,530","168,512","170,079","168,125","","0.67%"
"18-12-2023","168,397","167,718","169,084","167,378","","0.51%"
"15-12-2023","167,550","169,535","169,885","167,352","","-1.22%"
"14-12-2023","169,612","169,020","170,680","168,738","","0.37%"
"13-12-2023","168,980","165,090","169,023","164,534","","2.37%"
"12-12-2023","165,062","165,201","166,467","164,884","","-0.06%"
"11-12-2023","165,160","167,160","167,588","164,773","","-1.18%"
"08-12-2023","167,133","169,125","169,578","166,464","","-1.13%"
"07-12-2023","169,041","168,797","170,027","168,384","","0.17%"
"06-12-2023","168,755","168,263","169,640","168,081","","0.32%"
"05-12-2023","168,222","169,322","170,228","167,543","","-0.61%"
"04-12-2023","169,254","172,463","175,847","168,554","","-1.84%"
"01-12-2023","172,423","169,812","172,804","169,485","","1.58%"
"30-11-2023","169,740","170,403","170,663","169,461","","-0.36%"
"29-11-2023","170,354","170,099","171,032","169,507","","0.18%"
"28-11-2023","170,046","167,865","170,305","167,621","","1.27%"
"27-11-2023","167,907","166,921","168,227","166,746","","0.64%"
"24-11-2023","166,844","166,172","167,025","165,955","","0.55%"
"23-11-2023","165,926","165,755","166,631","165,714","","0.12%"
"22-11-2023","165,731","166,544","167,191","165,537","","-0.42%"
"21-11-2023","166,432","164,800","167,169","164,784","","1.01%"
"20-11-2023","164,761","164,865","165,293","163,799","","-0.04%"
"17-11-2023","164,824","164,811","166,045","164,689","","0.06%"
"16-11-2023","164,719","163,016","165,473","162,825","","1.07%"
"15-11-2023","162,977","163,051","164,182","162,611","","0.07%"
"14-11-2023","162,861","161,972","163,636","161,616","","0.62%"
"13-11-2023","161,853","161,383","162,251","160,837","","0.31%"
"10-11-2023","161,352","163,241","163,445","161,007","","-1.10%"
"09-11-2023","163,147","162,289","163,713","161,915","","0.56%"
"08-11-2023","162,246","163,911","164,059","162,079","","-0.99%"
"07-11-2023","163,862","164,599","164,674","162,890","","-0.42%"
"06-11-2023","164,554","165,659","165,742","164,556","","-0.65%"
"03-11-2023","165,639","165,402","166,737","165,052","","0.23%"
"02-11-2023","165,252","165,112","165,771","164,692","","0.17%"
"01-11-2023","164,975","165,232","165,858","164,023","","-0.09%"
"31-10-2023","165,121","166,178","167,150","164,809","","-0.61%"
"30-10-2023","166,136","166,944","167,158","165,695","","-0.54%"
"27-10-2023","167,029","165,230","167,334","164,472","","1.13%"
"26-10-2023","165,171","164,612","165,928","164,119","","0.37%"
"25-10-2023","164,566","163,621","165,234","163,204","","0.60%"
"24-10-2023","163,585","163,836","164,525","162,299","","-0.17%"
"23-10-2023","163,857","164,775","164,967","163,356","","-0.50%"
"20-10-2023","164,686","164,087","166,104","163,919","","0.41%"
"19-10-2023","164,016","162,258","164,368","161,945","","1.21%"
"18-10-2023","162,062","160,089","163,391","160,060","","1.27%"
"17-10-2023","160,034","159,706","160,829","159,047","","0.23%"
"16-10-2023","159,674","161,024","161,156","158,818","","-0.75%"
"13-10-2023","160,881","155,536","161,049","155,505","","3.37%"
"12-10-2023","155,637","155,840","156,906","155,531","","-0.13%"
"11-10-2023","155,845","154,762","156,071","154,666","","0.75%"
"10-10-2023","154,682","155,016","155,328","154,189","","-0.15%"
"09-10-2023","154,918","152,346","155,247","152,337","","1.72%"
"06-10-2023","152,297","151,468","152,565","150,700","","0.58%"
"05-10-2023","151,418","151,640","152,239","150,968","","-0.12%"
"04-10-2023","151,607","151,716","152,472","151,190","","-0.04%"
"03-10-2023","151,668","152,056","152,497","151,078","","-0.23%"
"02-10-2023","152,012","153,459","153,553","151,984","","-0.95%"
"29-09-2023","153,465","155,089","156,112","153,311","","-1.01%"
"28-09-2023","155,025","156,019","156,362","154,474","","-0.58%"
"27-09-2023","155,937","158,242","158,502","155,806","","-1.40%"
"26-09-2023","158,153","159,278","159,452","158,116","","-0.63%"
"25-09-2023","159,161","159,747","160,160","159,204","","-0.35%"
"22-09-2023","159,716","159,607","160,061","159,158","","0.17%"
"21-09-2023","159,447","160,072","160,535","159,069","","-0.35%"
"20-09-2023","160,012","160,887","161,529","159,975","","-0.52%"
"19-09-2023","160,845","161,097","161,270","160,718","","-0.10%"
"18-09-2023","161,001","159,874","161,148","159,743","","0.73%"
"15-09-2023","159,836","158,675","160,487","158,566","","0.79%"
"14-09-2023","158,581","158,280","158,803","157,846","","0.34%"
"13-09-2023","158,045","158,562","158,937","158,091","","-0.29%"
"12-09-2023","158,512","159,249","159,786","158,118","","-0.50%"
"11-09-2023","159,304","159,351","160,120","159,163","","0.03%"
"08-09-2023","159,263","159,736","160,271","159,201","","-0.18%"
"07-09-2023","159,557","159,513","160,072","159,394","","0.08%"
"06-09-2023","159,421","159,949","160,388","159,345","","-0.30%"
"05-09-2023","159,897","160,418","160,818","159,873","","-0.26%"
"04-09-2023","160,317","160,474","161,064","160,176","","-0.02%"
"01-09-2023","160,349","160,430","161,396","159,925","","-0.04%"
"31-08-2023","160,412","160,470","161,157","160,378","","0.00%"
"30-08-2023","160,418","160,039","160,971","159,879","","0.29%"
"29-08-2023","159,962","158,663","160,106","158,461","","0.91%"
"28-08-2023","158,518","158,393","159,156","158,053","","0.19%"
"25-08-2023","158,217","158,310","158,822","157,329","","-0.02%"
"24-08-2023","158,251","158,033","158,821","157,867","","0.23%"
"23-08-2023","157,884","157,568","158,520","157,225","","0.23%"
"22-08-2023","157,524","157,479","158,065","156,780","","0.10%"
"21-08-2023","157,366","157,137","157,891","156,683","","0.21%"
"18-08-2023","157,034","157,019","157,844","156,871","","0.08%"
"17-08-2023","156,901","157,439","158,113","156,658","","-0.30%"
"16-08-2023","157,374","158,321","158,988","157,428","","-0.54%"
"15-08-2023","158,228","158,639","159,174","158,082","","-0.22%"
"14-08-2023","158,584","158,638","159,263","158,347","","0.02%"
"11-08-2023","158,557","158,037","159,128","157,927","","0.37%"
"10-08-2023","157,969","158,651","159,567","158,024","","-0.37%"
"09-08-2023","158,553","159,443","160,045","158,620","","-0.59%"
"08-08-2023","159,491","160,307","160,435","159,374","","-0.42%"
"07-08-2023","160,158","160,644","160,993","159,823","","-0.26%"
"04-08-2023","160,582","160,054","161,030","159,888","","0.40%"
"03-08-2023","159,941","160,033","160,525","159,682","","-0.04%"
"02-08-2023","159,999","160,118","161,461","159,957","","-0.03%"
"01-08-2023","160,046","161,617","161,702","159,842","","-0.94%"
"31-07-2023","161,568","161,174","162,263","160,516","","0.29%"
"28-07-2023","161,095","159,874","161,502","159,651","","0.84%"
"27-07-2023","159,748","161,640","162,446","159,353","","-1.14%"
"26-07-2023","161,583","160,863","162,232","160,599","","0.49%"
"25-07-2023","160,798","159,885","160,998","159,803","","0.64%"
"24-07-2023","159,772","160,872","161,035","159,780","","-0.62%"
"21-07-2023","160,769","161,672","162,023","160,540","","-0.54%"
"20-07-2023","161,648","162,194","163,051","161,292","","-0.31%"
"19-07-2023","162,143","162,380","162,668","161,625","","-0.11%"
"18-07-2023","162,321","160,404","162,797","160,348","","1.16%"
"17-07-2023","160,453","160,452","160,851","159,690","","0.03%"
"14-07-2023","160,400","160,852","161,290","160,308","","-0.26%"
"13-07-2023","160,810","160,503","161,214","160,325","","0.25%"
"12-07-2023","160,405","159,191","160,773","159,051","","0.79%"
"11-07-2023","159,155","158,954","159,739","158,670","","0.19%"
"10-07-2023","158,847","159,050","159,307","158,019","","-0.13%"
"07-07-2023","159,051","158,170","159,822","157,860","","0.59%"
"06-07-2023","158,117","157,814","158,936","157,145","","0.22%"
"05-07-2023","157,774","157,873","159,132","157,697","","0.01%"
"04-07-2023","157,753","157,472","158,391","157,327","","0.20%"
"03-07-2023","157,433","157,575","158,209","156,439","","-0.09%"
"30-06-2023","157,581","156,705","157,783","155,930","","0.61%"
"29-06-2023","156,621","156,457","157,041","155,404","","0.14%"
"28-06-2023","156,406","156,941","157,245","156,150","","-0.27%"
"27-06-2023","156,834","157,667","158,305","156,731","","-0.43%"
"26-06-2023","157,505","157,763","158,645","157,560","","0.05%"
"23-06-2023","157,434","156,900","158,842","156,590","","0.48%"
"22-06-2023","156,688","158,354","158,554","156,727","","-1.03%"
"21-06-2023","158,321","158,830","159,128","157,428","","-0.27%"
"20-06-2023","158,751","159,768","160,675","158,301","","-0.62%"
"19-06-2023","159,734","160,389","160,512","159,602","","-0.35%"
"16-06-2023","160,297","160,367","161,193","159,999","","-0.01%"
"15-06-2023","160,310","159,221","160,671","158,265","","0.73%"
"14-06-2023","159,156","159,852","160,760","158,980","","-0.39%"
"13-06-2023","159,786","161,359","162,126","159,545","","-0.92%"
"12-06-2023","161,263","161,613","162,206","160,699","","-0.23%"
"09-06-2023","161,631","162,401","162,685","161,361","","-0.42%"
"08-06-2023","162,317","160,068","162,550","160,060","","1.44%"
"07-06-2023","160,008","162,019","162,561","160,052","","-1.21%"
"06-06-2023","161,966","161,944","162,448","161,351","","0.07%"
"05-06-2023","161,858","160,501","162,090","160,082","","0.86%"
"02-06-2023","160,478","162,716","163,282","160,459","","-1.34%"
"01-06-2023","162,665","162,256","163,278","161,099","","0.30%"
"31-05-2023","162,177","162,050","163,334","161,613","","0.14%"
"30-05-2023","161,943","160,617","162,378","159,871","","0.93%"
"29-05-2023","160,451","160,534","161,076","160,220","","-0.16%"
"26-05-2023","160,703","160,533","161,745","160,146","","0.07%"
"25-05-2023","160,585","161,807","162,601","160,425","","-0.73%"
"24-05-2023","161,761","163,578","164,055","161,778","","-1.10%"
"23-05-2023","163,555","163,367","163,831","161,857","","0.14%"
"22-05-2023","163,322","163,969","164,350","163,079","","-0.34%"
"19-05-2023","163,882","161,887","164,441","161,649","","1.24%"
"18-05-2023","161,872","163,314","163,599","161,550","","-0.85%"
"17-05-2023","163,267","163,685","164,093","162,746","","-0.21%"
"16-05-2023","163,603","165,883","166,257","163,388","","-1.33%"
"15-05-2023","165,803","165,364","166,409","164,999","","0.36%"
"12-05-2023","165,214","165,549","166,181","164,454","","-0.12%"
"11-05-2023","165,407","166,304","167,541","165,230","","-0.51%"
"10-05-2023","166,256","167,086","167,791","165,648","","-0.46%"
"09-05-2023","167,017","165,434","167,241","165,202","","0.98%"
"08-05-2023","165,395","164,764","166,003","164,613","","0.32%"
"05-05-2023","164,866","167,595","167,720","163,438","","-1.59%"
"04-05-2023","167,529","166,689","169,554","165,952","","0.60%"
"03-05-2023","166,523","164,828","166,887","164,311","","1.05%"
"02-05-2023","164,797","162,205","165,147","161,954","","1.63%"
"01-05-2023","162,158","162,783","163,934","161,609","","-0.26%"
"28-04-2023","162,574","162,348","163,189","161,720","","0.12%"
"27-04-2023","162,375","162,556","163,784","161,495","","-0.20%"
"26-04-2023","162,693","163,699","164,262","162,175","","-0.53%"
"25-04-2023","163,556","163,077","164,384","161,969","","0.31%"
"24-04-2023","163,050","162,579","163,180","161,701","","0.24%"
"21-04-2023","162,657","164,596","164,752","161,823","","-1.08%"
"20-04-2023","164,436","164,070","165,334","163,692","","0.24%"
"19-04-2023","164,038","164,736","164,894","161,961","","-0.34%"
"18-04-2023","164,600","163,558","165,073","163,379","","0.75%"
"17-04-2023","163,373","163,841","165,046","162,560","","-0.35%"
"14-04-2023","163,942","166,612","167,277","163,088","","-1.58%"
"13-04-2023","166,573","165,194","167,338","164,940","","0.91%"
"12-04-2023","165,070","164,370","166,285","164,120","","0.34%"
"11-04-2023","164,519","163,197","164,885","163,045","","0.72%"
"10-04-2023","163,348","164,449","164,685","162,580","","-0.63%"
"07-04-2023","164,376","164,330","164,571","164,236","","0.06%"
"06-04-2023","164,281","165,704","165,704","163,933","","-0.82%"
"05-04-2023","165,637","165,904","166,625","164,689","","-0.12%"
"04-04-2023","165,829","163,213","166,434","162,448","","1.67%"
"03-04-2023","163,097","161,974","163,751","160,702","","0.83%"
"31-03-2023","161,748","162,599","163,331","161,633","","-0.49%"
"30-03-2023","162,539","161,410","162,949","160,878","","0.72%"
"29-03-2023","161,377","162,149","162,308","161,179","","-0.47%"
"28-03-2023","162,133","160,998","162,381","160,203","","0.77%"
"27-03-2023","160,899","162,839","163,022","159,975","","-1.19%"
"24-03-2023","162,839","164,011","165,244","162,646","","-0.60%"
"23-03-2023","163,823","162,636","164,487","161,772","","0.86%"
"22-03-2023","162,429","160,453","163,588","159,962","","1.27%"
"21-03-2023","160,393","163,285","163,965","160,067","","-1.70%"
"20-03-2023","163,171","164,056","166,191","162,302","","-0.53%"
"17-03-2023","164,039","158,651","164,236","158,471","","3.42%"
"16-03-2023","158,613","159,048","160,206","158,055","","-0.16%"
"15-03-2023","158,867","156,508","160,630","155,610","","1.46%"
"14-03-2023","156,588","157,405","157,696","156,138","","-0.50%"
"13-03-2023","157,371","153,193","157,515","153,193","","2.79%"
"10-03-2023","153,103","150,308","153,297","149,981","","1.95%"
"09-03-2023","150,175","148,659","150,542","148,372","","1.03%"
"08-03-2023","148,638","148,753","149,411","148,421","","-0.02%"
"07-03-2023","148,663","151,085","151,520","148,573","","-1.62%"
"06-03-2023","151,106","151,601","151,949","150,921","","-0.27%"
"03-03-2023","151,516","151,155","151,752","150,511","","0.26%"
"02-03-2023","151,116","151,450","151,764","150,951","","-0.11%"
"01-03-2023","151,282","151,077","152,103","150,666","","0.21%"
"28-02-2023","150,965","150,092","151,305","149,223","","0.62%"
"27-02-2023","150,037","150,261","150,563","149,731","","-0.06%"
"24-02-2023","150,125","150,632","151,198","149,924","","-0.17%"
"23-02-2023","150,375","151,353","151,825","150,155","","-0.63%"
"22-02-2023","151,330","152,018","152,941","151,012","","-0.44%"
"21-02-2023","152,003","152,348","152,641","151,477","","-0.16%"
"20-02-2023","152,249","152,514","152,805","152,047","","-0.07%"
"17-02-2023","152,355","151,892","152,599","150,621","","0.39%"
"16-02-2023","151,759","151,950","152,648","151,200","","-0.03%"
"15-02-2023","151,810","153,776","154,216","151,642","","-1.22%"
"14-02-2023","153,680","153,088","154,915","152,854","","0.40%"
"13-02-2023","153,060","153,957","154,398","152,906","","-0.51%"
"10-02-2023","153,839","153,657","154,332","152,964","","0.20%"
"09-02-2023","153,537","155,019","155,977","153,340","","-0.94%"
"08-02-2023","154,989","155,245","155,774","154,343","","-0.11%"
"07-02-2023","155,164","154,621","156,164","154,365","","0.38%"
"06-02-2023","154,571","153,379","155,459","152,986","","0.79%"
"03-02-2023","153,357","156,914","157,744","153,071","","-2.25%"
"02-02-2023","156,885","159,432","160,925","156,830","","-1.53%"
"01-02-2023","159,323","157,685","159,806","157,020","","1.14%"
"31-01-2023","157,527","156,785","157,879","155,534","","0.51%"
"30-01-2023","156,721","157,193","157,982","156,594","","-0.24%"
"27-01-2023","157,097","157,133","157,914","156,386","","0.04%"
"26-01-2023","157,033","158,745","158,902","156,381","","-0.96%"
"25-01-2023","158,558","158,016","158,808","156,654","","0.36%"
"24-01-2023","157,982","157,191","158,306","156,479","","0.45%"
"23-01-2023","157,267","155,992","157,421","155,748","","0.79%"
"20-01-2023","156,030","156,981","157,273","155,770","","-0.58%"
"19-01-2023","156,939","155,123","157,242","154,785","","1.20%"
"18-01-2023","155,076","155,812","156,473","154,683","","-0.45%"
"17-01-2023","155,769","156,668","156,725","155,410","","-0.51%"
"16-01-2023","156,566","156,099","156,783","155,795","","0.31%"
"13-01-2023","156,075","153,671","156,249","153,663","","1.59%"
"12-01-2023","153,629","153,130","154,888","152,684","","0.40%"
"11-01-2023","153,014","153,181","154,097","152,359","","0.07%"
"10-01-2023","152,903","153,798","154,244","152,712","","-0.59%"
"09-01-2023","153,807","153,480","154,902","153,403","","0.21%"
"06-01-2023","153,490","151,347","154,158","151,194","","1.41%"
"05-01-2023","151,349","153,382","153,717","150,709","","-1.28%"
"04-01-2023","153,307","152,365","154,402","151,976","","0.65%"
"03-01-2023","152,313","151,154","153,267","151,012","","0.94%"
"02-01-2023","150,901","150,914","151,251","150,585","","-0.01%"
"30-12-2022","150,909","150,251","151,152","149,831","","0.50%"
"29-12-2022","150,153","149,447","150,803","149,142","","0.60%"
"28-12-2022","149,252","150,235","150,360","148,672","","-0.59%"
"27-12-2022","150,132","148,522","151,995","148,483","","1.05%"
"26-12-2022","148,573","148,904","148,979","148,584","","-0.17%"
"23-12-2022","148,833","148,650","149,352","148,273","","0.26%"
"22-12-2022","148,440","150,373","150,900","148,055","","-1.27%"
"21-12-2022","150,343","150,140","151,249","149,893","","0.18%"
"20-12-2022","150,075","147,809","150,485","147,344","","1.61%"
"19-12-2022","147,692","148,352","148,786","147,445","","-0.37%"
"16-12-2022","148,237","147,426","148,481","146,932","","0.70%"
"15-12-2022","147,208","149,082","149,242","146,363","","-1.21%"
"14-12-2022","149,008","149,217","149,920","148,055","","-0.05%"
"13-12-2022","149,084","147,215","150,464","147,096","","1.31%"
"12-12-2022","147,160","148,138","148,304","146,927","","-0.61%"
"09-12-2022","148,059","147,221","149,015","146,993","","0.61%"
"08-12-2022","147,167","146,846","147,741","146,432","","0.25%"
"07-12-2022","146,805","145,958","147,352","145,869","","0.66%"
"06-12-2022","145,837","144,768","146,805","144,613","","0.72%"
"05-12-2022","144,800","146,418","147,530","144,575","","-1.07%"
"02-12-2022","146,359","146,288","146,637","144,538","","0.08%"
"01-12-2022","146,240","143,966","146,447","143,804","","1.67%"
"30-11-2022","143,831","142,823","144,063","142,116","","0.72%"
"29-11-2022","142,797","142,198","143,682","141,988","","0.48%"
"28-11-2022","142,117","143,405","144,026","142,003","","-0.93%"
"25-11-2022","143,450","143,403","143,716","142,560","","0.16%"
"24-11-2022","143,228","142,829","143,697","142,780","","0.34%"
"23-11-2022","142,739","142,268","143,351","141,438","","0.41%"
"22-11-2022","142,156","142,043","142,891","141,860","","0.15%"
"21-11-2022","141,943","142,945","143,212","141,500","","-0.61%"
"18-11-2022","142,809","143,545","144,406","142,636","","-0.47%"
"17-11-2022","143,485","144,557","144,661","143,408","","-0.71%"
"16-11-2022","144,513","144,257","145,124","143,813","","0.21%"
"15-11-2022","144,206","143,384","144,789","143,018","","0.69%"
"14-11-2022","143,219","142,607","143,826","141,763","","0.49%"
"11-11-2022","142,517","141,571","142,906","140,866","","0.73%"
"10-11-2022","141,488","138,865","141,783","138,574","","1.95%"
"09-11-2022","138,779","139,372","140,137","138,472","","-0.40%"
"08-11-2022","139,344","137,118","139,780","136,080","","1.67%"
"07-11-2022","137,050","137,836","137,959","136,899","","-0.52%"
"04-11-2022","137,767","134,828","137,905","134,626","","2.31%"
"03-11-2022","134,659","135,305","135,844","133,975","","-0.44%"
"02-11-2022","135,252","136,213","138,142","135,231","","-0.68%"
"01-11-2022","136,178","135,208","136,823","135,008","","0.75%"
"31-10-2022","135,166","135,224","135,993","134,883","","-0.06%"
"28-10-2022","135,249","137,033","137,385","134,794","","-1.21%"
"27-10-2022","136,912","136,282","137,422","136,208","","0.45%"
"26-10-2022","136,304","136,381","138,100","136,045","","-0.05%"
"25-10-2022","136,365","136,489","137,215","135,542","","-0.10%"
"24-10-2022","136,499","136,870","137,889","135,826","","-0.17%"
"21-10-2022","136,725","134,850","136,959","133,921","","1.45%"
"20-10-2022","134,772","135,208","136,040","134,426","","-0.32%"
"19-10-2022","135,200","135,978","136,344","134,867","","-0.52%"
"18-10-2022","135,911","135,640","136,398","135,451","","0.26%"
"17-10-2022","135,562","135,419","137,120","135,346","","0.17%"
"14-10-2022","135,332","136,962","137,762","135,066","","-1.15%"
"13-10-2022","136,908","137,496","138,300","135,633","","-0.36%"
"12-10-2022","137,405","137,075","137,970","136,695","","0.33%"
"11-10-2022","136,955","137,458","138,501","136,603","","-0.33%"
"10-10-2022","137,404","140,550","140,843","137,190","","-2.05%"
"07-10-2022","140,280","140,426","141,314","139,439","","-0.04%"
"06-10-2022","140,338","140,142","141,339","139,992","","0.23%"
"05-10-2022","140,021","140,642","140,704","138,771","","-0.37%"
"04-10-2022","140,546","138,539","140,850","138,148","","1.51%"
"03-10-2022","138,457","135,431","138,747","135,356","","2.34%"
"30-09-2022","135,288","135,331","136,614","135,186","","0.04%"
"29-09-2022","135,240","135,167","135,761","134,342","","0.12%"
"28-09-2022","135,076","133,148","135,740","132,246","","1.54%"
"27-09-2022","133,023","132,437","133,889","132,357","","0.55%"
"26-09-2022","132,289","133,697","134,563","132,186","","-0.93%"
"23-09-2022","133,534","135,469","135,908","132,979","","-1.36%"
"22-09-2022","135,372","133,799","136,221","132,416","","1.24%"
"21-09-2022","133,716","132,788","134,997","132,423","","0.73%"
"20-09-2022","132,746","133,576","133,866","132,313","","-0.59%"
"19-09-2022","133,535","133,530","133,906","132,260","","0.05%"
"16-09-2022","133,462","132,949","133,917","132,015","","0.43%"
"15-09-2022","132,891","134,894","134,970","132,511","","-1.41%"
"14-09-2022","134,794","135,480","135,656","134,625","","-0.45%"
"13-09-2022","135,406","136,847","137,142","134,921","","-1.00%"
"12-09-2022","136,775","136,771","137,818","136,382","","0.07%"
"09-09-2022","136,685","136,042","137,713","136,018","","0.45%"
"08-09-2022","136,078","136,857","137,709","135,755","","-0.51%"
"07-09-2022","136,778","135,967","137,097","135,133","","0.65%"
"06-09-2022","135,895","136,501","137,838","135,755","","-0.30%"
"05-09-2022","136,304","136,563","136,969","136,123","","-0.12%"
"02-09-2022","136,461","135,310","136,922","135,092","","0.91%"
"01-09-2022","135,228","136,038","136,178","134,549","","-0.51%"
"31-08-2022","135,921","137,375","137,475","135,845","","-0.99%"
"30-08-2022","137,278","138,918","139,218","137,081","","-1.14%"
"29-08-2022","138,855","138,845","139,479","137,576","","-0.01%"
"26-08-2022","138,867","140,483","140,586","138,548","","-1.09%"
"25-08-2022","140,397","139,760","141,085","139,622","","0.51%"
"24-08-2022","139,680","139,591","140,122","139,071","","0.17%"
"23-08-2022","139,444","138,590","139,967","138,259","","0.60%"
"22-08-2022","138,616","139,633","139,763","137,949","","-0.60%"
"19-08-2022","139,460","140,252","140,432","139,468","","-0.54%"
"18-08-2022","140,216","139,970","141,128","139,747","","0.28%"
"17-08-2022","139,817","140,729","141,410","139,726","","-0.62%"
"16-08-2022","140,688","141,559","141,915","140,521","","-0.57%"
"15-08-2022","141,501","143,497","143,536","140,954","","-1.39%"
"12-08-2022","143,494","142,425","143,600","142,164","","0.79%"
"11-08-2022","142,377","141,793","143,185","141,240","","0.46%"
"10-08-2022","141,721","142,779","143,678","141,391","","-0.69%"
"09-08-2022","142,703","142,421","143,231","141,900","","0.25%"
"08-08-2022","142,343","140,760","142,469","140,554","","1.08%"
"05-08-2022","140,827","141,807","142,106","140,175","","-0.64%"
"04-08-2022","141,735","139,682","142,283","139,485","","1.53%"
"03-08-2022","139,601","138,389","140,373","137,918","","0.93%"
"02-08-2022","138,312","139,958","140,603","138,342","","-1.13%"
"01-08-2022","139,899","140,058","140,415","139,193","","-0.13%"
"29-07-2022","140,075","139,834","140,425","139,104","","0.21%"
"28-07-2022","139,775","138,511","139,957","138,295","","0.96%"
"27-07-2022","138,445","137,163","139,004","136,755","","1.01%"
"26-07-2022","137,066","137,103","137,840","136,736","","0.04%"
"25-07-2022","137,008","137,984","138,453","136,819","","-0.58%"
"22-07-2022","137,810","137,275","138,857","136,838","","0.49%"
"21-07-2022","137,139","135,744","137,441","134,205","","1.08%"
"20-07-2022","135,669","136,705","137,147","135,411","","-0.68%"
"19-07-2022","136,599","136,750","137,419","136,381","","-0.03%"
"18-07-2022","136,638","136,268","137,880","136,105","","0.33%"
"15-07-2022","136,185","136,649","137,208","135,536","","-0.27%"
"14-07-2022","136,555","138,285","138,399","136,046","","-1.18%"
"13-07-2022","138,192","137,127","138,994","136,288","","0.79%"
"12-07-2022","137,106","137,742","138,549","136,914","","-0.40%"
"11-07-2022","137,660","138,191","138,636","137,503","","-0.31%"
"08-07-2022","138,086","137,774","139,122","137,408","","0.31%"
"07-07-2022","137,653","137,476","138,438","137,223","","0.24%"
"06-07-2022","137,323","139,950","140,601","136,891","","-1.77%"
"05-07-2022","139,798","142,780","143,336","139,842","","-2.07%"
"04-07-2022","142,756","143,090","143,348","142,370","","-0.10%"
"01-07-2022","142,900","142,687","143,077","140,984","","0.20%"
"30-06-2022","142,618","143,507","144,358","142,443","","-0.56%"
"29-06-2022","143,419","143,751","144,750","143,088","","-0.13%"
"28-06-2022","143,611","142,973","144,302","142,886","","0.51%"
"27-06-2022","142,877","143,844","144,325","142,762","","0.00%"
"24-06-2022","142,881","142,442","143,507","142,289","","0.35%"
"23-06-2022","142,388","143,680","144,414","142,399","","-0.84%"
"22-06-2022","143,598","143,218","144,752","142,605","","0.33%"
"21-06-2022","143,131","143,258","144,057","142,849","","-0.05%"
"20-06-2022","143,201","143,462","143,913","142,981","","-0.10%"
"17-06-2022","143,339","144,810","144,904","142,942","","-0.98%"
"16-06-2022","144,758","143,350","144,870","141,782","","1.06%"
"15-06-2022","143,238","141,090","143,971","141,004","","1.61%"
"14-06-2022","140,965","142,084","142,956","140,802","","-0.74%"
"13-06-2022","142,015","146,582","146,705","142,065","","-2.84%"
"10-06-2022","146,164","143,795","146,616","142,056","","1.68%"
"09-06-2022","143,743","144,008","144,276","143,177","","-0.14%"
"08-06-2022","143,941","143,863","144,408","143,292","","0.11%"
"07-06-2022","143,779","143,271","144,189","142,838","","0.40%"
"06-06-2022","143,208","143,657","144,246","143,163","","-0.28%"
"03-06-2022","143,605","144,626","145,060","143,356","","-0.64%"
"02-06-2022","144,533","143,218","144,949","143,046","","0.96%"
"01-06-2022","143,164","142,548","143,540","141,723","","0.48%"
"31-05-2022","142,486","143,970","144,321","142,384","","-1.00%"
"30-05-2022","143,925","143,774","144,512","143,442","","0.09%"
"27-05-2022","143,801","143,661","144,520","143,442","","0.14%"
"26-05-2022","143,606","143,705","144,036","142,823","","0.00%"
"25-05-2022","143,606","144,715","144,776","142,953","","-0.64%"
"24-05-2022","144,537","143,740","144,999","143,357","","0.63%"
"23-05-2022","143,636","143,780","144,689","143,248","","-0.06%"
"20-05-2022","143,722","142,602","143,857","142,203","","0.83%"
"19-05-2022","142,539","141,355","143,295","140,661","","0.89%"
"18-05-2022","141,285","140,625","141,838","140,083","","0.55%"
"17-05-2022","140,506","141,970","142,330","140,439","","-0.98%"
"16-05-2022","141,894","140,320","142,219","139,190","","1.16%"
"13-05-2022","140,274","141,075","141,523","139,502","","-0.53%"
"12-05-2022","141,016","143,429","143,956","140,965","","-1.64%"
"11-05-2022","143,361","141,970","143,601","141,463","","1.04%"
"10-05-2022","141,888","143,439","144,373","141,743","","-1.03%"
"09-05-2022","143,361","144,977","145,271","143,192","","-1.06%"
"06-05-2022","144,900","143,617","145,611","142,823","","0.97%"
"05-05-2022","143,514","143,517","145,714","143,300","","0.06%"
"04-05-2022","143,423","142,860","144,154","141,996","","0.46%"
"03-05-2022","142,773","142,499","143,789","141,734","","0.24%"
"02-05-2022","142,429","145,118","145,425","141,874","","-1.85%"
"29-04-2022","145,115","145,241","146,954","144,971","","-0.05%"
"28-04-2022","145,193","144,526","145,468","143,543","","0.51%"
"27-04-2022","144,451","146,103","146,255","144,100","","-1.09%"
"26-04-2022","146,037","145,666","146,424","145,259","","0.33%"
"25-04-2022","145,552","147,681","147,957","144,942","","-1.42%"
"22-04-2022","147,644","148,820","149,374","147,415","","-0.73%"
"21-04-2022","148,737","149,321","149,354","147,559","","-0.32%"
"20-04-2022","149,210","149,085","149,402","148,138","","0.12%"
"19-04-2022","149,027","150,893","151,538","148,536","","-1.23%"
"18-04-2022","150,888","150,591","152,389","150,453","","0.15%"
"15-04-2022","150,668","150,587","150,799","150,512","","0.14%"
"14-04-2022","150,463","150,566","150,831","149,456","","-0.01%"
"13-04-2022","150,483","149,636","150,932","149,451","","0.64%"
"12-04-2022","149,532","148,165","150,457","147,849","","1.01%"
"11-04-2022","148,038","147,905","149,491","147,144","","0.13%"
"08-04-2022","147,839","146,632","147,994","146,094","","0.87%"
"07-04-2022","146,566","146,232","147,239","145,714","","0.28%"
"06-04-2022","146,163","145,172","146,819","144,629","","0.75%"
"05-04-2022","145,069","145,820","146,387","144,487","","-0.47%"
"04-04-2022","145,749","146,286","146,450","144,760","","-0.31%"
"01-04-2022","146,200","147,083","147,320","145,689","","-0.51%"
"31-03-2022","146,952","146,545","148,008","145,324","","0.33%"
"30-03-2022","146,462","145,244","146,865","144,957","","0.91%"
"29-03-2022","145,145","146,306","146,808","142,828","","-0.73%"
"28-03-2022","146,217","149,423","149,470","145,852","","-2.09%"
"25-03-2022","149,340","149,396","149,900","148,187","","-0.01%"
"24-03-2022","149,349","148,788","150,011","147,793","","0.42%"
"23-03-2022","148,725","146,353","149,015","145,868","","1.68%"
"22-03-2022","146,262","147,691","148,161","145,341","","-0.93%"
"21-03-2022","147,639","146,216","147,905","145,897","","1.07%"
"18-03-2022","146,076","147,534","147,796","145,887","","-0.93%"
"17-03-2022","147,443","146,790","148,070","146,377","","0.48%"
"16-03-2022","146,741","146,573","147,056","144,397","","0.16%"
"15-03-2022","146,500","149,126","149,574","145,630","","-1.69%"
"14-03-2022","149,015","151,911","152,281","149,087","","-1.86%"
"11-03-2022","151,841","152,367","152,888","149,633","","-0.28%"
"10-03-2022","152,274","152,189","153,482","150,273","","0.17%"
"09-03-2022","152,022","157,656","158,382","151,209","","-3.54%"
"08-03-2022","157,597","153,791","159,633","152,488","","2.52%"
"07-03-2022","153,719","151,100","154,495","150,734","","2.20%"
"04-03-2022","150,410","147,076","150,510","146,606","","2.32%"
"03-03-2022","146,995","145,878","147,495","145,343","","0.84%"
"02-03-2022","145,777","147,414","147,580","144,823","","-1.05%"
"01-03-2022","147,322","144,149","147,809","143,202","","2.26%"
"28-02-2022","144,063","144,209","144,883","142,761","","1.68%"
"25-02-2022","141,680","143,961","144,920","141,411","","-1.52%"
"24-02-2022","143,874","142,461","149,374","142,084","","1.01%"
"23-02-2022","142,431","141,666","142,630","140,968","","0.57%"
"22-02-2022","141,621","142,069","143,470","141,324","","-0.26%"
"21-02-2022","141,989","141,935","142,531","140,477","","0.19%"
"18-02-2022","141,714","142,560","142,846","140,816","","-0.58%"
"17-02-2022","142,537","140,316","142,706","140,024","","1.64%"
"16-02-2022","140,231","139,358","140,580","138,964","","0.69%"
"15-02-2022","139,266","141,644","142,297","138,892","","-1.62%"
"14-02-2022","141,556","140,264","141,806","139,649","","1.05%"
"11-02-2022","140,090","137,196","140,800","136,940","","2.19%"
"10-02-2022","137,092","137,134","138,364","136,917","","0.03%"
"09-02-2022","137,045","136,424","137,409","136,286","","0.51%"
"08-02-2022","136,346","135,914","136,689","135,663","","0.38%"
"07-02-2022","135,831","134,883","136,130","134,879","","0.68%"
"04-02-2022","134,911","134,717","135,652","134,086","","0.18%"
"03-02-2022","134,670","135,193","135,439","133,710","","-0.33%"
"02-02-2022","135,111","134,637","135,492","134,210","","0.41%"
"01-02-2022","134,555","134,041","135,338","133,815","","0.48%"
"31-01-2022","133,911","134,423","134,438","133,439","","-0.36%"
"28-01-2022","134,389","135,182","135,386","133,557","","-0.52%"
"27-01-2022","135,097","136,265","136,674","134,694","","-0.81%"
"26-01-2022","136,199","138,214","138,467","135,940","","-1.41%"
"25-01-2022","138,145","137,571","138,592","137,171","","0.47%"
"24-01-2022","137,494","136,504","137,739","136,303","","0.83%"
"21-01-2022","136,361","136,977","137,369","135,966","","-0.40%"
"20-01-2022","136,905","137,029","137,486","136,639","","-0.01%"
"19-01-2022","136,917","135,247","137,283","135,058","","1.27%"
"18-01-2022","135,199","135,127","135,788","134,717","","0.12%"
"17-01-2022","135,038","134,808","135,524","134,420","","0.21%"
"14-01-2022","134,749","134,837","135,604","134,409","","-0.01%"
"13-01-2022","134,759","134,776","135,199","133,978","","0.04%"
"12-01-2022","134,708","134,464","134,934","134,037","","0.24%"
"11-01-2022","134,387","133,359","134,574","133,138","","0.80%"
"10-01-2022","133,322","133,358","133,493","132,635","","-0.03%"